instrument,rate,param_beta,param_alpha,param_delta,param_eps,param_eta,param_sep,param_gamma,param_sigma,param_tau_w,param_tau_c,param_rr,param_pop_savers,param_match_eff,param_vac_cost,param_z_i,param_omega,param_home_prod,y_f,y_i,y_tot,k,inv,r,l_f,l_i,u,v,theta,p_find,p_fill,w_f,w_i,s_w,p,pidx,cf_sav,ci_sav,cf_spd,ci_spd,inc_sav,inc_spd,gov_rev,gov_exp,lump_tax,unemployment,informal_share,informal_output_share,wage_gap,replacement_rate,real_c_sav,real_c_spd,inequality_ratio,walras_gap
tau_w,0.05,0.985,0.4,0.025,0.5,0.5,0.07,0.85,2.0,0.05,0.2,0.15,0.5,0.5430860465116281,1.4169509510457283,1.1837557670274572,0.897721351607031,0.20459517856268808,3.563529058785167,0.22089825729681253,3.865933494563416,35.432945089245614,0.8858236272311405,0.04022842639593902,0.7706591518919226,0.13876208032536813,0.09057876778270928,0.10893239767658212,1.2026261820860895,0.5955715887176425,0.4952258628567001,2.53420133196801,2.1793016872417517,2.7181605494682213,1.3689761045598514,1.2153431068228482,1.6928788290100676,0.14819721977278394,0.8304747380564338,0.0727010375240286,2.234333047443227,1.0960956688148247,0.6023209858741927,0.034431725094444435,-0.5678892607797482,0.09057876778270928,0.1525828465507096,0.07822287584706655,1.1628501674660012,0.15,1.8384380796664277,0.9018816683629692,2.0384471091461793,-4.440892098500626e-16
tau_w,0.06666666666666667,0.985,0.4,0.025,0.5,0.5,0.07,0.85,2.0,0.06666666666666667,0.2,0.15,0.5,0.5430860465116281,1.4169509510457283,1.1837557670274572,0.897721351607031,0.20459517856268808,3.547363978706056,0.2258205622881455,3.852451858718363,35.27221217943694,0.8818053044859236,0.04022842639593892,0.7671632446891118,0.1424068996011713,0.090429855709717,0.10812410548076305,1.1956682296148433,0.593846210488506,0.4966647066300322,2.53489719304045,2.1423672649762406,2.6627371275939495,1.3510190432659426,1.2138781093056348,1.6971372955115878,0.15254569424490286,0.8152148246166088,0.07327486804324267,2.242656892506993,1.0772535316591503,0.6321157543967216,0.034384558110842185,-0.5977311962858795,0.090429855709717,0.156565054927444,0.07919317131033649,1.18322251953778,0.15,1.8475140751898413,0.8874478610338918,2.0818283037354512,0.0
tau_w,0.08333333333333333,0.985,0.4,0.025,0.5,0.5,0.07,0.85,2.0,0.08333333333333333,0.2,0.15,0.5,0.5430860465116281,1.4169509510457283,1.1837557670274572,0.897721351607031,0.20459517856268808,3.530556108207359,0.23091994643282185,3.8383660252368395,35.10508786457306,0.8776271966143264,0.0402284263959389,0.7635283257618453,0.14619765287570788,0.09027402136244686,0.10728680407819267,1.1884571270780118,0.5920527522391132,0.498169213469869,2.535620511417682,2.1054367903646782,2.607290193784357,1.3329724079033878,1.2123697362722146,1.7009459972958698,0.15705585221524843,0.7999627752239106,0.07386409421757341,2.250486314257722,1.058414129795494,0.6615165948248007,0.03433509903221673,-0.6271814957925841,0.09027402136244686,0.16070515331953047,0.08019295580610684,1.204320416087387,0.15,1.8562706135980436,0.8730126611786747,2.1262814345577183,0.0
tau_w,0.09999999999999999,0.985,0.4,0.025,0.5,0.5,0.07,0.85,2.0,0.09999999999999999,0.2,0.15,0.5,0.5430860465116281,1.4169509510457283,1.1837557670274572,0.897721351607031,0.20459517856268808,3.5130717090989965,0.2362049229330011,3.8236419900190364,34.93123667848599,0.8732809169621498,0.04022842639593901,0.7597470987910802,0.15014198773660134,0.09011091347231838,0.1064190797815744,1.1809788146722742,0.590187080188827,0.499744002903732,2.5363729542918283,2.0685105186224266,2.551818227995454,1.3148340731582961,1.2108159063251727,1.7042812704284542,0.1617354751705949,0.784718905402479,0.07446944776240622,2.2577928381068912,1.0395776538102686,0.6905002345137244,0.034283232572657925,-0.6562170019410665,0.09011091347231838,0.16501130737766417,0.08122368195838678,1.2261832518893767,0.15,1.8646871306467179,0.8585761455392402,2.171836639457967,-4.440892098500626e-16
tau_w,0.11666666666666665,0.985,0.4,0.025,0.5,0.5,0.07,0.85,2.0,0.11666666666666665,0.2,0.15,0.5,0.5430860465116281,1.4169509510457283,1.1837557670274572,0.897721351607031,0.20459517856268808,3.4948749112846023,0.24168449434239833,3.8082434689661033,34.750301957000424,0.8687575489250108,0.04022842639593883,0.7558118064055093,0.15424802935237475,0.08994016424211591,0.1055194351663772,1.1732181729435402,0.5882447168537767,0.5013941399986185,2.537156327473769,2.0315887275656546,2.496319575574836,1.296601830142841,1.2092143990039588,1.7071179474997766,0.16659278378040634,0.7694835508470087,0.075091710561992,2.264546045337997,1.0207443103596459,0.7190417821528208,0.03422883852013716,-0.6848129436326836,0.08994016424211591,0.16949218424074208,0.08228690214666788,1.2488533200880225,0.15,1.8727415479036016,0.844138401924789,2.218524288947654,0.0
tau_w,0.1333333333333333,0.985,0.4,0.025,0.5,0.5,0.07,0.85,2.0,0.1333333333333333,0.2,0.15,0.5,0.5430860465116281,1.4169509510457283,1.1837557670274572,0.897721351607031,0.20459517856268808,3.475927562671481,0.24736818262475416,3.7921317261676255,34.56190434555367,0.8640476086388419,0.04022842639593897,0.7517141977226841,0.15852441296309105,0.08976138931422484,0.10458628353760595,1.1651589211869713,0.5862208043191351,0.5031251906151479,2.53797259020566,1.9946717201833513,2.4407924319422665,1.278273382376793,1.207562842861192,1.709429250927464,0.17163646348819195,0.7542570691802267,0.07573171913656221,2.2707134238351983,1.0019143237901746,0.7471146012866862,0.03417179186074227,-0.7129428094259439,0.08976138931422484,0.17415698598377244,0.08338427732195489,1.272376083003958,0.15,1.8804101478105966,0.8296995305157329,2.2663748485451745,4.440892098500626e-16
tau_w,0.14999999999999997,0.985,0.4,0.025,0.5,0.5,0.07,0.85,2.0,0.14999999999999997,0.2,0.15,0.5,0.5430860465116281,1.4169509510457283,1.1837557670274572,0.897721351607031,0.20459517856268808,3.456189068511813,0.2532660607451176,3.7752653885962406,34.36564020173271,0.859141005043318,0.04022842639593893,0.7474454936044398,0.16298031841848162,0.08957418797707865,0.10361794303173988,1.1567835039515506,0.5841100626633576,0.5049432851247002,2.5388238719289595,1.9577598275709691,2.3852348251178905,1.2598463416128263,1.205858702293944,1.7111866786396213,0.17687569115132687,0.7390398419046478,0.07639036959379074,2.2762602067847846,0.9830879379527662,0.7746901734281553,0.034111963011728884,-0.7405782104164264,0.08957418797707865,0.1790154851347496,0.0845175867763486,1.2968004737736027,0.15,1.8876674376977844,0.8152596453320826,2.315418711702422,0.0
tau_w,0.16666666666666663,0.985,0.4,0.025,0.5,0.5,0.07,0.85,2.0,0.16666666666666663,0.2,0.15,0.5,0.5430860465116281,1.4169509510457283,1.1837557670274572,0.897721351607031,0.20459517856268808,3.4356162196375877,0.25938878575443863,3.7576002463704126,34.161079887374385,0.8540269971843596,0.04022842639593911,0.7429963495105203,0.16762550680511704,0.08937814368436271,0.10261263033617525,1.148072963996096,0.5819067427648519,0.5068551921468561,2.5397124913177977,1.9208534122862733,2.3296445957342664,1.2413182235165896,1.2040992629776315,1.712359881734381,0.18232016262870818,0.7238322765746997,0.07706862312573043,2.2811491984667813,0.9642654182369409,0.8017379499710483,0.034049218194895925,-0.7676887317761524,0.08937814368436271,0.18407806230714402,0.08568873898809214,1.3221792329769375,0.15,1.8944860017816971,0.8008188758893493,2.365685998195005,0.0
tau_w,0.1833333333333333,0.985,0.4,0.025,0.5,0.5,0.07,0.85,2.0,0.1833333333333333,0.2,0.15,0.5,0.5430860465116281,1.4169509510457283,1.1837557670274572,0.897721351607031,0.20459517856268808,3.4141630090943793,0.2657476332869275,3.7390890376318784,33.947765945317066,0.8486941486329267,0.04022842639593899,0.7383568158432327,0.17247035917511833,0.08917282498164916,0.1015684540094379,1.1390067997771707,0.5796045725776047,0.508868404201797,2.540640977946637,1.883952872200982,2.274019374096939,1.2226864432191453,1.2022816157290497,1.712916533736581,0.18798012116595228,0.7086348092199537,0.07776751212097519,2.2853405862282,0.9454470538571416,0.8282251920821847,0.0339834199901462,-0.7942417720920385,0.08917282498164916,0.18935574596974827,0.08689978368188,1.348569285057784,0.15,1.9008363401135397,0.7863773690690874,2.4172063119819276,-4.440892098500626e-16
tau_w,0.19999999999999996,0.985,0.4,0.025,0.5,0.5,0.07,0.85,2.0,0.19999999999999996,0.2,0.15,0.5,0.5430860465116281,1.4169509510457283,1.1837557670274572,0.897721351607031,0.20459517856268808,3.3917804367431184,0.2723545333361477,3.719681217082883,33.7252111565122,0.843130278912805,0.04022842639593893,0.7335162956900823,0.17752591734906512,0.08895778696085267,0.10048340738678938,1.1295628052326523,0.5771966957867496,0.5109912375946785,2.541612097030963,1.8470586449358797,2.2183565537687975,1.203948310766903,1.2004026386006525,1.7128221911143218,0.19386638636437895,0.6934479070549652,0.07848814697176872,2.2887917377150644,0.9266331604278437,0.8541167977329082,0.03391442811972096,-0.8202023696131873,0.08895778696085267,0.19486025434195425,0.08815292526516977,1.3760321601045833,0.15,1.9066866933774667,0.771935291235322,2.470008451519571,4.440892098500626e-16
tau_w,0.21666666666666662,0.985,0.4,0.025,0.5,0.5,0.07,0.85,2.0,0.21666666666666662,0.2,0.15,0.5,0.5430860465116281,1.4169509510457283,1.1837557670274572,0.897721351607031,0.20459517856268808,3.3684163014981676,0.27922210710605966,3.699322707252412,33.492896474202574,0.8373224118550645,0.04022842639593911,0.7284634998925673,0.1828039267116363,0.08873257339579645,0.09935536105787156,1.119716889249809,0.5746756015406558,0.5132329493803371,2.542628877767015,1.8101712129862058,2.1626532610437508,1.18510102650487,1.1984589769801248,1.7120401447830345,0.1999903834388274,0.6782720715176257,0.07923172366723226,2.291456982444099,0.9078240828709381,0.8793751150257807,0.03384210052720998,-0.8455330144985707,0.08873257339579645,0.20060403935741103,0.08945053782561654,1.4046344674614992,0.15,1.9120028523780672,0.7574928306336124,2.524120064316323,0.0
tau_w,0.23333333333333328,0.985,0.4,0.025,0.5,0.5,0.07,0.85,2.0,0.23333333333333328,0.2,0.15,0.5,0.5430860465116281,1.4169509510457283,1.1837557670274572,0.897721351607031,0.20459517856268808,3.3440149810081645,0.28636370464308164,3.6779556316128534,33.25026883324219,0.8312567208310548,0.04022842639593897,0.7231863993993031,0.18831688084617107,0.08849671975452572,0.09818205490567777,1.109442871758608,0.5720330436921347,0.5156038749299363,2.543694645902615,1.7732911096667525,2.1069063195384423,1.166141676442221,1.1964470214368288,1.7105312624177034,0.20636417236598942,0.663107841685183,0.07999953227709221,2.2932873768217297,0.8890201987064212,0.90395974098695,0.03376629483292968,-0.8701934461540202,0.08849671975452572,0.2066003325796656,0.09079518190333605,1.4344484287075918,0.15,1.9167479510022023,0.7430502001156603,2.579567236108474,8.881784197001252e-16
tau_w,0.24999999999999994,0.985,0.4,0.025,0.5,0.5,0.07,0.85,2.0,0.24999999999999994,0.2,0.15,0.5,0.5430860465116281,1.4169509510457283,1.1837557670274572,0.897721351607031,0.20459517856268808,3.3185171987772213,0.2937934428389018,3.6555180287610134,32.996738834529516,0.824918470863238,0.04022842639593886,0.7176721749030041,0.19407806775831163,0.08824975733868437,0.09696108969957194,1.0987122528558952,0.5692599476552764,0.5181155904793021,2.544813061302557,1.7364189260347775,2.051112208959381,1.1470672276664213,1.1943628830192596,1.708253821523725,0.21300047639342493,0.6479557981260194,0.08079296644547691,2.294230451776703,0.8702219217867827,0.9278273050365934,0.033686870269839755,-0.8941404347667535,0.08824975733868437,0.21286319287595196,0.09218962328521575,1.4655524788098218,0.15,1.9208822413980755,0.7286076402398969,2.6363740033876364,0.0
tau_w,0.2666666666666666,0.985,0.4,0.025,0.5,0.5,0.07,0.85,2.0,0.2666666666666666,0.2,0.15,0.5,0.5430860465116281,1.4169509510457283,1.1837557670274572,0.897721351607031,0.20459517856268808,3.291859778982345,0.30152624324392185,3.6319435470228454,32.731678307105355,0.8182919576776339,0.0402284263959389,0.7119071638165647,0.200101617312183,0.08799121887125229,0.09568991823933169,1.087493950724152,0.5663463025790713,0.5207811061403573,2.5459881614360795,1.6995553189853938,1.9952670168878017,1.127874523894715,1.192202365664449,1.705163333393631,0.21991270921213676,0.6328165672563718,0.08161353403178503,2.2942299422733923,0.8514297065471107,0.9509312364282696,0.0336036902334809,-0.9173275461947887,0.08799121887125229,0.2194075555550323,0.09363685410784311,1.4980319457656677,0.15,1.9243628500894236,0.7141654228077162,2.694561776071234,8.881784197001252e-16
tau_w,0.28333333333333327,0.985,0.4,0.025,0.5,0.5,0.07,0.85,2.0,0.28333333333333327,0.2,0.15,0.5,0.5430860465116281,1.4169509510457283,1.1837557670274572,0.897721351607031,0.20459517856268808,3.2639753895826216,0.30957786893859923,3.607161119051395,32.45441775383093,0.8113604438457734,0.04022842639593915,0.7058768047171134,0.20640254933627725,0.08772064594660939,0.09436583605220857,1.0757540033351296,0.5632810360319493,0.523615096281887,2.5472244119177145,1.6627010207594115,1.9393663821514882,1.108560281280441,1.1899609353303602,1.7012123583120786,0.22711499988297915,0.6176908262843681,0.08246286905562007,2.293225498127777,0.832644052856732,0.9732215150741623,0.03351662561765911,-0.9397048894565032,0.08772064594660939,0.22624928254618557,0.09514011660200623,1.5319798208545703,0.15,1.927143513741588,0.6997238549058513,2.7541486548302507,8.881784197001252e-16
tau_w,0.29999999999999993,0.985,0.4,0.025,0.5,0.5,0.07,0.85,2.0,0.29999999999999993,0.2,0.15,0.5,0.5430860465116281,1.4169509510457283,1.1837557670274572,0.897721351607031,0.20459517856268808,3.2347922747612943,0.3179649594620484,3.5810946162847412,32.16424369100197,0.8041060922750493,0.04022842639593904,0.6995655794831477,0.21299682163830072,0.08743759887855165,0.0929859716507289,1.0634552279950387,0.5600518677535704,0.5266341760427955,2.5485267654905988,1.625856850162389,1.8834054280051264,1.0891210846293948,1.1876336854048861,1.6963503126813786,0.23462221433647543,0.6025793088404541,0.08334274512557303,2.2911523757739474,0.8138655115757003,0.9946444053629894,0.03342555915783295,-0.9612188462051564,0.08743759887855165,0.23340521303151304,0.09670292986637814,1.5674976337775706,0.15,1.929174293328377,0.6852832835389294,2.8151486249099276,-8.881784197001252e-16
tau_w,0.3166666666666666,0.985,0.4,0.025,0.5,0.5,0.07,0.85,2.0,0.3166666666666666,0.2,0.15,0.5,0.5430860465116281,1.4169509510457283,1.1837557670274572,0.897721351607031,0.20459517856268808,3.204233978315405,0.3267050624781677,3.5536624835340476,31.860395897950013,0.7965098974487503,0.04022842639593901,0.6929569534739982,0.21990137688327258,0.08714166964272928,0.0915472763650288,1.0505568316554184,0.5566451382220802,0.5298572351815988,2.5499007311667943,1.5890237258683721,1.827378682893828,1.0695533842301377,1.1852152978789867,1.6905232691418766,0.2424499719206599,0.5874828114137044,0.08425509055750781,2.2879411109444954,0.7950946909408445,1.0151421728490957,0.033330391070563584,-0.9818117817785321,0.08714166964272928,0.24089321373362332,0.09832912012261308,1.6046964495595057,0.15,1.9304012655244174,0.6708441009525559,2.8775706051277345,0.0
tau_w,0.33333333333333326,0.985,0.4,0.025,0.5,0.5,0.07,0.85,2.0,0.33333333333333326,0.2,0.15,0.5,0.5430860465116281,1.4169509510457283,1.1837557670274572,0.897721351607031,0.20459517856268808,3.17221906034227,0.33581666044775615,3.524777354511049,31.542064599996266,0.7885516149999069,0.04022842639593915,0.6860333142595972,0.22713418691628762,0.08683249882411515,0.0900465137693637,1.0370139635363802,0.5530456067542658,0.5333058437017506,2.5513524556554708,1.5522026822792518,1.771279985996369,1.0498534935661035,1.1826999996958307,1.6836737512791458,0.2506146550306696,0.5724022007393655,0.08520200541708653,2.2835171726577874,0.7763322639332049,1.034652784069597,0.03323104636584105,-1.001421737703756,0.08683249882411515,0.24873222779370396,0.10002285498049139,1.6436980072145404,0.15,1.9307661902807705,0.6564067507676196,2.9414173270199933,4.440892098500626e-16
tau_w,0.3499999999999999,0.985,0.4,0.025,0.5,0.5,0.07,0.85,2.0,0.3499999999999999,0.2,0.15,0.5,0.5430860465116281,1.4169509510457283,1.1837557670274572,0.897721351607031,0.20459517856268808,3.138660810499798,0.34531919004238193,3.4943456498073964,31.208387617335553,0.7802096904333887,0.04022842639593911,0.6787759096093327,0.23471429262309504,0.08650979776757238,0.08848024872684516,1.0227771999255721,0.5492362125306428,0.5370047480239204,2.5528888197436683,1.5153948885369248,1.7151023739899884,1.0300175882607165,1.1800815136014946,1.6757405251689341,0.25913340928876444,0.5573384223152098,0.08618578075361748,2.2778005994761106,0.7575789768124596,1.0531095902603802,0.033127484327868176,-1.019982105932512,0.08650979776757238,0.25694232083659996,0.10178868233232827,1.6846360239530815,0.15,1.9302061537465183,0.6419717350714205,3.0066840147281244,4.440892098500626e-16
tau_w,0.3666666666666666,0.985,0.4,0.025,0.5,0.5,0.07,0.85,2.0,0.3666666666666666,0.2,0.15,0.5,0.5430860465116281,1.4169509510457283,1.1837557670274572,0.897721351607031,0.20459517856268808,3.103466962283605,0.35523305134346644,3.4622671597448518,30.858447524031437,0.771461188100786,0.0402284263959389,0.6711647857007889,0.24266183678040382,0.08617337751880746,0.08684483607761566,1.0077919489538596,0.5451977902200879,0.5409824823328183,2.554517552987512,1.4786016714525345,1.658837944485487,1.0100417067170129,1.1773530027251569,1.6666583908436647,0.26802413101589817,0.5422925102655659,0.08720892032756829,2.27070561974504,0.7388356590472841,1.0704409964290937,0.033019710820801955,-1.0374212856082918,0.08617337751880746,0.26554472239114263,0.10363157460318241,1.7276576932839725,0.15,1.9286531859936296,0.6275396226426061,3.073356831034761,-4.440892098500626e-16
tau_w,0.38333333333333325,0.985,0.4,0.025,0.5,0.5,0.07,0.85,2.0,0.38333333333333325,0.2,0.15,0.5,0.5430860465116281,1.4169509510457283,1.1837557670274572,0.897721351607031,0.20459517856268808,3.0665394142103457,0.3655796029659357,3.428434615661016,30.491268875681467,0.7622817218920368,0.04022842639593906,0.6631787268220425,0.25099808650275535,0.08582318667520224,0.08513640899024574,0.9919977606103628,0.540908729633041,0.5452721277316466,2.556247370977244,1.4418245433384909,1.6024776902617777,0.9899217530590491,1.1745070080075108,1.6563579778064121,0.2773054377944484,0.5272655988245508,0.08827416517148737,2.2621402584819816,0.7201032349258436,1.086570118148164,0.03290779429610624,-1.0536623238520577,0.08582318667520224,0.2745618602925321,0.10555697921072803,1.7729254109229884,0.15,1.926033853403381,0.6131110585261307,3.141411048812935,8.881784197001252e-16
tau_w,0.3999999999999999,0.985,0.4,0.025,0.5,0.5,0.07,0.85,2.0,0.3999999999999999,0.2,0.15,0.5,0.5430860465116281,1.4169509510457283,1.1837557670274572,0.897721351607031,0.20459517856268808,3.027773965573341,0.3763811380569428,3.392733254619967,30.105815581978423,0.7526453895494607,0.04022842639593913,0.6547951982253977,0.25974544077310424,0.08545936100149798,0.08335086697894271,0.9753275241255511,0.5363445658688508,0.5499122629085251,2.558088140634643,1.4050652360263327,1.5460112966581698,0.969653503176907,1.171535377475988,1.6447655500094613,0.2869966166950495,0.5122589357781191,0.08938452136189322,2.252005934789629,0.7013827372020939,1.1014144296074762,0.032791886682622014,-1.068622542924854,0.08545936100149798,0.28401738500931695,0.10757087623957814,1.820618769181975,0.15,1.9222688260950842,0.5986867752241392,3.210808899821474,-8.881784197001252e-16
tau_w,0.4166666666666666,0.985,0.4,0.025,0.5,0.5,0.07,0.85,2.0,0.4166666666666666,0.2,0.15,0.5,0.5430860465116281,1.4169509510457283,1.1837557670274572,0.897721351607031,0.20459517856268808,2.9870600765875035,0.3876608345441115,3.3550403842709824,29.700988521778587,0.7425247130444649,0.04022842639593899,0.6459902942556386,0.26892741705063866,0.0850822886937228,0.08148386355169329,0.9577065309681192,0.5314774824719883,0.5549481655249153,2.560051080594708,1.3683257427567865,1.4894268920801286,0.9492326149383223,1.1684291862367204,1.6318028272953524,0.2971175431293476,0.4972738982932338,0.09054329141476389,2.240197055163143,0.6826753232266394,1.1148854079772341,0.0326722507664754,-1.0822131572107587,0.0850822886937228,0.29393617997259724,0.10967984451353716,1.870936868758264,0.15,1.9172724214279304,0.5842676058318962,3.2814970439753637,-4.440892098500626e-16
tau_w,0.43333333333333324,0.985,0.4,0.025,0.5,0.5,0.07,0.85,2.0,0.43333333333333324,0.2,0.15,0.5,0.5430860465116281,1.4169509510457283,1.1837557670274572,0.897721351607031,0.20459517856268808,2.9442806652978337,0.3994426708971397,3.315224956631806,29.275623523718565,0.7318905880929643,0.04022842639593902,0.6367386944288722,0.2785686089396052,0.08469269663152255,0.07953079338312519,0.93905137687544,0.5262757047864681,0.5604333455508852,2.5621490058714476,1.3316083701821346,1.4327107382769775,0.9286546439839268,1.1651786459211821,1.6173868322040734,0.3076885611531956,0.48231201167915594,0.09175410974394414,2.2266006098605358,0.6639822941333117,1.126888181046667,0.032549296271854135,-1.0943388847748128,0.08469269663152255,0.3043443528904753,0.11189113746019913,1.924101006905658,0.15,1.910952125371471,0.5698544995290159,3.3534035915323486,4.440892098500626e-16
tau_w,0.4499999999999999,0.985,0.4,0.025,0.5,0.5,0.07,0.85,2.0,0.4499999999999999,0.2,0.15,0.5,0.5430860465116281,1.4169509510457283,1.1837557670274572,0.897721351607031,0.20459517856268808,2.8993119565855223,0.41175129580568975,3.273147161907147,28.828489864850486,0.720712246621262,0.04022842639593897,0.627013630778143,0.2886946041695814,0.08429176505227573,0.07748677877883044,0.9192686703235482,0.5207027534332671,0.5664315234957362,2.5643966289374007,1.2949158034904995,1.3758468424665973,0.9079150670069596,1.1617730022004042,1.601429773299423,0.31873031317525846,0.4673749717807029,0.09302098263043124,2.2110957816029715,0.6453051178148048,1.1373211874953963,0.03242362772208589,-1.1048975597733106,0.08429176505227573,0.3152692016426633,0.11421277041017755,1.9803578132454347,0.15,1.9032080943653746,0.5554485399407574,3.4264345974666988,-8.881784197001252e-16
tau_w,0.46666666666666656,0.985,0.4,0.025,0.5,0.5,0.07,0.85,2.0,0.46666666666666656,0.2,0.15,0.5,0.5430860465116281,1.4169509510457283,1.1837557670274572,0.897721351607031,0.20459517856268808,2.852023401893596,0.4246118362415799,3.2286580559360276,28.358289472456303,0.7089572368114075,0.04022842639593893,0.6167868704930736,0.29933184837103316,0.08388128113589327,0.07534665498009738,0.8982535073353344,0.5147165177957718,0.5730192129420975,2.566810933395542,1.258251188746139,1.3188164669225768,0.8870093150868922,1.1582004188799486,1.5838389787392306,0.3302635031169216,0.45246467191079426,0.0943483331246583,2.193553578185015,0.6266454566374463,1.146075862083011,0.032296108429025416,-1.1137797536539855,0.08388128113589327,0.3267391465837244,0.11665362126223688,2.0399829194307357,0.15,1.8939326410417956,0.5410509670195519,3.500469930725315,-4.440892098500626e-16
tau_w,0.4833333333333332,0.985,0.4,0.025,0.5,0.5,0.07,0.85,2.0,0.4833333333333332,0.2,0.15,0.5,0.5430860465116281,1.4169509510457283,1.1837557670274572,0.897721351607031,0.20459517856268808,2.8022776916924035,0.43804962286663973,3.1815992371759303,27.863657047995247,0.6965914261998812,0.04022842639593895,0.6060287186156809,0.3105074348563378,0.08346384652798132,0.07310495349269248,0.875887663147468,0.5082680953228731,0.5802891360479167,2.5694116420991535,1.221618238091553,1.2615975023983708,0.865932820581398,1.154447847047083,1.564516896604525,0.34230857165078465,0.43758323551037215,0.09574105121585506,2.173836502884184,0.6080052011372201,1.1530363615341344,0.032167946844505836,-1.1208684146896286,0.08346384652798132,0.33878361882406355,0.11922354677838765,2.1032852670185753,0.15,1.8830097075797367,0.5266632032728138,3.575358399596278,-4.440892098500626e-16
tau_w,0.4999999999999999,0.985,0.4,0.025,0.5,0.5,0.07,0.85,2.0,0.4999999999999999,0.2,0.15,0.5,0.5430860465116281,1.4169509510457283,1.1837557670274572,0.897721351607031,0.20459517856268808,2.7499308857188014,0.45208980388299114,3.1318025906072062,27.343161362099906,0.6835790340524975,0.04022842639593906,0.5947080462062875,0.3222487930910499,0.08304316070266264,0.07075588201794525,0.8520374395585425,0.5013003224130093,0.5883548059493053,2.5722218096599128,1.185021365713879,1.204163658321351,0.8446810824055665,1.1505008778137176,1.5433611812419628,0.3548852544774953,0.42273305610693446,0.09720454940549579,2.1517982783721807,0.5893865113349008,1.1580793508858032,0.03204081436537228,-1.126038536520431,0.08304316070266264,0.3514328911467509,0.12193351714878249,2.1706121797309184,0.15,1.8703143299301224,0.5122868853910869,3.6509119855806937,0.0
tau_w,0.5166666666666666,0.985,0.4,0.025,0.5,0.5,0.07,0.85,2.0,0.5166666666666666,0.2,0.15,0.5,0.5430860465116281,1.4169509510457283,1.1837557670274572,0.897721351607031,0.20459517856268808,2.6948326876302975,0.46675680692020666,3.079090115240232,26.79530798552279,0.66988269963807,0.04022842639593895,0.5827923497410145,0.334583237556868,0.08262441270211762,0.06829329856576172,0.8265510922537718,0.4937458935889714,0.5973567734847045,2.57526858100222,1.1484658658209772,1.1464834027805726,0.8232497564317769,1.1463435774807222,1.5202648869690127,0.3680119834841576,0.40791684667040884,0.09874482343604901,2.127283640130123,0.5707918678471168,1.161073874288405,0.031917008108328634,-1.1291568661800764,0.08262441270211762,0.36471783442851197,0.1247957718768988,2.2423553521647746,0.15,1.8557120935812081,0.49792390262396324,3.72689899762185,0.0
tau_w,0.5333333333333332,0.985,0.4,0.025,0.5,0.5,0.07,0.85,2.0,0.5333333333333332,0.2,0.15,0.5,0.5430860465116281,1.4169509510457283,1.1837557670274572,0.897721351607031,0.20459517856268808,2.6368268888751594,0.48207359126463756,3.0232738464064113,26.21854370263255,0.6554635925658139,0.04022842639593901,0.5702478471044383,0.34753732224983425,0.08221483064572747,0.06571067568010315,0.799255744541487,0.4855249227395338,0.6074712957090691,2.5785841749370313,1.1119581489249295,1.088518555239453,0.8016347805269212,1.1419583046053654,1.4951167907147482,0.38170507404997356,0.3931377011958186,0.10036851721466394,2.1001282121197598,0.5522241357041718,1.1618813380276685,0.03179967918723014,-1.1300816588404383,0.08221483064572747,0.3786695774288351,0.12782400045917086,2.3189579368882494,0.15,1.8390585747747734,0.483576443620687,3.8030358985337887,8.881784197001252e-16
tau_w,0.5499999999999999,0.985,0.4,0.025,0.5,0.5,0.07,0.85,2.0,0.5499999999999999,0.2,0.15,0.5,0.5430860465116281,1.4169509510457283,1.1837557670274572,0.897721351607031,0.20459517856268808,2.5757519972642733,0.4980606059240095,2.96415586858381,25.61126276144172,0.640281569036043,0.0402284263959389,0.55703961352635,0.36113592063254296,0.0818244658411069,0.06300104796684128,0.7699536724038212,0.47654173536022454,0.6189226085154517,2.582207177881045,1.075506060541507,1.0302223883855073,0.7798325478863438,1.1373255097665578,1.467801861036593,0.3959776162296013,0.3783991723581435,0.10208298969440821,2.0701584666142026,0.533686644779018,1.1603556353054507,0.03169315845317829,-1.1286624768522724,0.0818244658411069,0.39331904107352017,0.13103355172246894,2.400922944665629,0.15,1.8201987459501492,0.4692470538962588,3.87897746152405,-4.440892098500626e-16
tau_w,0.5666666666666667,0.985,0.4,0.025,0.5,0.5,0.07,0.85,2.0,0.5666666666666667,0.2,0.15,0.5,0.5430860465116281,1.4169509510457283,1.1837557670274572,0.897721351607031,0.20459517856268808,2.511442040919004,0.5147343259459396,2.901528378990729,24.971814867434404,0.62429537168586,0.04022842639593906,0.5431317554458711,0.37540091018902794,0.08146733436510085,0.060156931507050745,0.7384178207851231,0.4666805803516966,0.6320007009791533,2.5861842733281977,1.0391193187978756,0.971537021771016,0.7578401486142472,1.1324235212830625,1.438201877429417,0.41083794674028884,0.3637053704928181,0.10389637920565067,2.037191743529333,0.5151832920490743,1.1563434386760212,0.031603430838749044,-1.1247400078372722,0.08146733436510085,0.40869630905238086,0.13444167594439083,2.4888232049425016,0.15,1.798966292417829,0.45493870655862,3.9543047590434637,-4.440892098500626e-16
tau_w,0.5833333333333333,0.985,0.4,0.025,0.5,0.5,0.07,0.85,2.0,0.5833333333333333,0.2,0.15,0.5,0.5430860465116281,1.4169509510457283,1.1837557670274572,0.897721351607031,0.20459517856268808,2.443727481679063,0.5321051674101778,2.8351736860142402,24.298514265780483,0.6074628566445122,0.04022842639593909,0.5284876080476796,0.3903492730509056,0.08116311890141488,0.05717019586486452,0.7043863843417172,0.45579979015188704,0.6470877352035329,2.590572597122697,1.0028101276472197,0.9123897695521664,0.7356557092658873,1.1272283246121175,1.4061961705553352,0.4262875107259449,0.34906109107702493,0.10581765668423278,2.001036245720687,0.49671867257332347,1.1496846696006946,0.0315388427584525,-1.1181458268422422,0.08116311890141488,0.42482978326272003,0.138067803840788,2.5833131573976673,0.15,1.7751827221066763,0.44065488927830637,4.028510213546085,-4.440892098500626e-16
tau_w,0.5999999999999999,0.985,0.4,0.025,0.5,0.5,0.07,0.85,2.0,0.5999999999999999,0.2,0.15,0.5,0.5430860465116281,1.4169509510457283,1.1837557670274572,0.897721351607031,0.20459517856268808,2.3724360495433285,0.5501744557052802,2.764863866689988,23.589648038361403,0.589741200959035,0.04022842639593911,0.5130699157206207,0.4059903064020012,0.08093977787737835,0.05403185563511869,0.667556262842425,0.4437236553188169,0.6646985130953028,2.5954430145152165,0.9665940564553474,0.8526879017360299,0.7132788755951931,1.1217133511863606,1.371662378959209,0.44231780376337676,0.33447198039613774,0.10785665194190354,1.9614908004751275,0.4782982478979482,1.140213109100067,0.031511187163238245,-1.1087019219368286,0.08093977787737835,0.44174505285882515,0.14193386584941067,2.685142741341815,0.15,1.7486560166201024,0.4263997102219425,4.100978435726237,4.440892098500626e-16
tau_w,0.6166666666666666,0.985,0.4,0.025,0.5,0.5,0.07,0.85,2.0,0.6166666666666666,0.2,0.15,0.5,0.5430860465116281,1.4169509510457283,1.1837557670274572,0.897721351607031,0.20459517856268808,2.2973930466320978,0.5689298906177671,2.690359469944712,22.84347912613371,0.5710869781533428,0.04022842639593901,0.4968408977934562,0.42232142090109115,0.08083768130545269,0.05073172370552451,0.6275751961987874,0.43023083151193786,0.685544671169031,2.6008847957350953,0.9304913363716129,0.7923109230912122,0.6907115090857959,1.1158493068564441,1.334476952348862,0.45890586695431534,0.3199447519771603,0.11002402366345172,1.9183439067109755,0.45992856179286656,1.1277570019969354,0.03153742443447465,-1.0962195775624608,0.08083768130545269,0.4594633747615969,0.14606465333076488,2.795173575583269,0.15,1.719178293093454,0.41217802347215793,4.170960592734227,-4.440892098500626e-16
tau_w,0.6333333333333333,0.985,0.4,0.025,0.5,0.5,0.07,0.85,2.0,0.6333333333333333,0.2,0.15,0.5,0.5430860465116281,1.4169509510457283,1.1837557670274572,0.897721351607031,0.20459517856268808,2.218420093272624,0.5883385025838621,2.611405920667095,22.05823386118401,0.5514558465296002,0.04022842639593897,0.4797619773596878,0.4393215879418516,0.0809164346984607,0.04725782214861583,0.5840324320358969,0.41503729792752486,0.7106408397231183,2.607012489011654,0.8945288330481197,0.731098823777885,0.6679587102808302,1.109604096144461,1.2945147622871906,0.4760073843653788,0.30548746841800173,0.11233111821848335,1.8713709932894786,0.4416175109512237,1.1121392417364724,0.03164252337377745,-1.080496718362695,0.0809164346984607,0.4779996123613807,0.15048821950058283,2.914397381835331,0.15,1.6865213455789567,0.39799556660408075,4.237538020760617,0.0
tau_w,0.6499999999999999,0.985,0.4,0.025,0.5,0.5,0.07,0.85,2.0,0.6499999999999999,0.2,0.15,0.5,0.5430860465116281,1.4169509510457283,1.1837557670274572,0.897721351607031,0.20459517856268808,2.1353299757250888,0.6083351623244193,2.527724621310562,21.232050736547333,0.5308012684136832,0.04022842639593893,0.4617926670317922,0.45694063281544217,0.08126670015276559,0.04359535614455873,0.5364479677728754,0.3977703860432357,0.7414892215821501,2.613976395022881,0.8587431657537912,0.6688335021348112,0.645030354790199,1.1029429461165248,1.2516463263796747,0.4935455506955084,0.29110989958152084,0.11478961162891087,1.8203274533258575,0.42337466341305063,1.0931760803524868,0.031864385385109745,-1.061311694967377,0.08126670015276559,0.49735938916268907,0.1552363110590847,3.0439559803988354,0.15,1.6504275762724192,0.3838590789340082,4.299566343085388,0.0
tau_w,0.6666666666666665,0.985,0.4,0.025,0.5,0.5,0.07,0.85,2.0,0.6666666666666665,0.2,0.15,0.5,0.5430860465116281,1.4169509510457283,1.1837557670274572,0.897721351607031,0.20459517856268808,2.0479120706758693,0.6288026161005891,2.438991742253807,20.362835478770837,0.5090708869692709,0.04022842639593899,0.442887416799775,0.47508063890982277,0.0820319442904023,0.03972486851557945,0.48426096515461053,0.37792739699346,0.7804209386829242,2.6219792568924722,0.8231858752976248,0.6052079849100609,0.6219434550116067,1.0958289217385233,1.2057290522614095,0.5113918933778793,0.27682394122187204,0.11741072272270972,1.7649317037460568,0.4052115600118183,1.0706716786884567,0.032262908449799045,-1.0384087702386577,0.0820319442904023,0.5175350448797275,0.16034481167064185,3.185160649099439,0.15,1.6105905481541842,0.3697762962570413,4.35558083213268,0.0
tau_w,0.6833333333333332,0.985,0.4,0.025,0.5,0.5,0.07,0.85,2.0,0.6833333333333332,0.2,0.15,0.5,0.5430860465116281,1.4169509510457283,1.1837557670274572,0.897721351607031,0.20459517856268808,1.955894414169665,0.6495338687285301,2.3447871511075946,19.447883891049816,0.4861970972762455,0.04022842639593902,0.42298741094818015,0.4935609779414573,0.0834516111103625,0.03561877254536108,0.4268194714450297,0.35480583744770783,0.8312784706060523,2.631304396708358,0.7879325034161377,0.5397723510999699,0.598725879682289,1.0882241874588692,1.1565832998733356,0.5293303227192948,0.26264396338685303,0.12020354600923522,1.7048237229606225,0.38714172988953344,1.0444013526751956,0.03293798868406393,-1.011463363991132,0.0834516111103625,0.538499640525676,0.1658541743348561,3.3395048247155046,0.15,1.5666107614659672,0.35575549078132024,4.403616534562355,-2.220446049250313e-16
tau_w,0.7,0.985,0.4,0.025,0.5,0.5,0.07,0.85,2.0,0.7,0.2,0.15,0.5,0.5430860465116281,1.4169509510457283,1.1837557670274572,0.897721351607031,0.20459517856268808,1.858843590589226,0.670153432070518,2.24446481652026,18.482886427562352,0.4620721606890588,0.0402284263959389,0.40199891775586855,0.5120453162894689,0.08595576595466262,0.03123442705222022,0.3633779154349556,0.32737680748203923,0.9009265383950926,2.642366779370652,0.753099801254768,0.471831239504794,0.575422295069969,1.0800926553288257,1.1039272811911771,0.5469819737527075,0.2485864975919781,0.12317145831781043,1.6394583601280972,0.36917940034272323,1.0140627656913745,0.034068999068093894,-0.9799937666232805,0.08595576595466262,0.5601975235085516,0.1718098778348808,3.5086541982458432,0.15,1.517886777619997,0.34180345410304586,4.440817549966564,-2.220446049250313e-16
tau_c,0.0,0.985,0.4,0.025,0.5,0.5,0.07,0.85,2.0,0.375,0.0,0.15,0.5,0.5430860465116281,1.4169509510457283,1.1837557670274572,0.897721351607031,0.20459517856268808,3.312881839830137,0.29008692557799465,3.592075197328599,32.94070523389473,0.8235176308473683,0.04022842639593893,0.7164534557975554,0.19120069545901683,0.09234584874342776,0.09234584874342742,0.9999999999999964,0.5430860465116271,0.543086046511629,2.555369238847962,1.4602109936274068,1.6306704068203643,0.9624472283339649,0.9960251535452718,1.7063006744700997,0.20986747417808427,0.6522139963105456,0.08021945139991046,1.908287043310246,0.7294209849688604,0.6865511707542717,0.035396661182139307,-0.6511545095721324,0.09234584874342776,0.21065368917700122,0.07772480868610329,1.7500000000000002,0.15,1.915902461416613,0.7323318917926368,2.6161669085949213,1.3322676295501878e-15
tau_c,0.015384615384615384,0.985,0.4,0.025,0.5,0.5,0.07,0.85,2.0,0.375,0.015384615384615384,0.15,0.5,0.5430860465116281,1.4169509510457283,1.1837557670274572,0.897721351607031,0.20459517856268808,3.2954827125339228,0.2955558480327093,3.580878728981165,32.76770192399664,0.8191925480999158,0.04022842639593906,0.7126906699567332,0.19544847812593935,0.0918608519173275,0.09186085191732683,0.9999999999999928,0.5430860465116261,0.5430860465116302,2.5553692388479576,1.460210993627404,1.6306704068203628,0.9656246639912767,1.0100610303760276,1.7046104927988037,0.21474004550920223,0.6415173501470777,0.08081580252350712,1.9381935539013866,0.7294245799985946,0.7190397050648765,0.035210759286585916,-0.6838289457782906,0.0918608519173275,0.2152186463259336,0.07969999490277149,1.7500000000000004,0.15,1.9188875677936332,0.7221589171963628,2.657154155546994,1.3322676295501878e-15
tau_c,0.030769230769230767,0.985,0.4,0.025,0.5,0.5,0.07,0.85,2.0,0.375,0.030769230769230767,0.15,0.5,0.5430860465116281,1.4169509510457283,1.1837557670274572,0.897721351607031,0.20459517856268808,3.278050702537817,0.30101725470214274,3.56966110037079,32.5943716542561,0.8148592913564023,0.04022842639593915,0.7089207728076565,0.19970428869910478,0.09137493849323866,0.0913749384932379,0.9999999999999917,0.5430860465116258,0.5430860465116304,2.5553692388479528,1.4602109936274008,1.6306704068203597,0.9687497752297366,1.0240637747484687,1.7025739731840923,0.21960846599316688,0.6311436319975842,0.08140878870897583,1.9677065167361076,0.7294281818225936,0.751139571398928,0.03502450605408688,-0.716115065344841,0.09137493849323866,0.21978734371241943,0.08169133977527526,1.7500000000000009,0.15,1.9214687261244225,0.7122878475041814,2.6976014442154903,0.0
tau_c,0.04615384615384615,0.985,0.4,0.025,0.5,0.5,0.07,0.85,2.0,0.375,0.04615384615384615,0.15,0.5,0.5430860465116281,1.4169509510457283,1.1837557670274572,0.897721351607031,0.20459517856268808,3.26058986825236,0.30647021753674697,3.558424923114972,32.42075477833264,0.8105188694583161,0.04022842639593906,0.7051446420339824,0.20396713636756048,0.0908882215984572,0.09088822159845684,0.9999999999999962,0.5430860465116271,0.5430860465116291,2.5553692388479576,1.4602109936274044,1.6306704068203606,0.9718238113199374,1.0380335258336544,1.7002083268085808,0.2244717047795368,0.6210785199526744,0.08199851275721015,1.9968264280259258,0.729431789602307,0.7828506637014006,0.0348379448469441,-0.7480127188544565,0.0908882215984572,0.22435869957178228,0.0836985636335677,1.75,0.15,1.9236627510872117,0.7027054246793172,2.7375094648872023,-8.881784197001252e-16
tau_c,0.061538461538461535,0.985,0.4,0.025,0.5,0.5,0.07,0.85,2.0,0.375,0.061538461538461535,0.15,0.5,0.5430860465116281,1.4169509510457283,1.1837557670274572,0.897721351607031,0.20459517856268808,3.2431041791156794,0.3119138368492392,3.5471727515767824,32.2468907652135,0.8061722691303376,0.04022842639593884,0.7013631360779394,0.20823605204186704,0.09040081188019358,0.09040081188019362,1.0000000000000004,0.5430860465116281,0.5430860465116281,2.555369238847966,1.460210993627409,1.630670406820364,0.9748479757506635,1.0519704200276423,1.6975298686020242,0.22932876373928396,0.6113085250143712,0.08258507310995525,2.0255539262440228,0.7294354025175622,0.8141730313824008,0.03465111807682926,-0.7795219133055715,0.09040081188019358,0.22893165996806009,0.08572138820302438,1.7500000000000002,0.15,1.9254856293305262,0.6933991570774348,2.776879103006321,0.0
tau_c,0.07692307692307691,0.985,0.4,0.025,0.5,0.5,0.07,0.85,2.0,0.375,0.07692307692307691,0.15,0.5,0.5430860465116281,1.4169509510457283,1.1837557670274572,0.897721351607031,0.20459517856268808,3.2255975162094845,0.31734724077968607,3.535907083261276,32.07281820533854,0.8018204551334635,0.04022842639593901,0.6975770942735438,0.2125100882037127,0.08991281752274348,0.08991281752274304,0.9999999999999954,0.5430860465116268,0.5430860465116293,2.55536923884796,1.4602109936274053,1.6306704068203624,0.9778234286499407,1.0658745910703538,1.6945540772923402,0.23417867670809261,0.6018209314836287,0.08316856407159343,2.053889787505626,0.7294390197664397,0.8451068746061392,0.03446406721136528,-0.8106428073947739,0.08991281752274348,0.23350519850775223,0.08775953658985372,1.7500000000000004,0.15,1.9269525746392968,0.684357264801608,2.815711432825823,-4.440892098500626e-16
tau_c,0.0923076923076923,0.985,0.4,0.025,0.5,0.5,0.07,0.85,2.0,0.375,0.0923076923076923,0.15,0.5,0.5430860465116281,1.4169509510457283,1.1837557670274572,0.897721351607031,0.20459517856268808,3.2080736729048884,0.32276958476951195,3.524630359231105,31.89857481702289,0.7974643704255723,0.0402284263959389,0.6937873369862508,0.21678831874826315,0.08942434426548607,0.08942434426548591,0.9999999999999984,0.5430860465116276,0.5430860465116284,2.555369238847964,1.460210993627408,1.630670406820364,0.9807512890418962,1.0797461701588038,1.6912956504333703,0.23902050875256003,0.5926037423923249,0.083749076016952,2.0818349210014353,0.7294426405651561,0.8756525396285214,0.03427683278102601,-0.8413757068474954,0.08942434426548607,0.2380783160443613,0.08981273326921946,1.75,0.15,1.9280780784758413,0.6755686296695761,2.854007711131989,0.0
tau_c,0.10769230769230768,0.985,0.4,0.025,0.5,0.5,0.07,0.85,2.0,0.375,0.10769230769230768,0.15,0.5,0.5430860465116281,1.4169509510457283,1.1837557670274572,0.897721351607031,0.20459517856268808,3.190536355537233,0.32818005104383374,3.513344964540734,31.724197453165363,0.7931049363291343,0.04022842639593883,0.6899946657589177,0.22106983881938203,0.08893549542170036,0.08893549542170033,0.9999999999999999,0.5430860465116281,0.5430860465116283,2.555369238847968,1.4602109936274101,1.6306704068203652,0.9836326369526494,1.0935852860550068,1.6877685548998353,0.24385335545762568,0.5836456294887609,0.08432669558620794,2.109390364486047,0.7294462641479004,0.9058105141854201,0.03408945438634761,-0.8717210597990726,0.08893549542170036,0.2426500403741529,0.09188070407589449,1.75,0.15,1.9288759563467148,0.6670227493452299,2.891769371044929,-1.3322676295501878e-15
tau_c,0.12307692307692307,0.985,0.4,0.025,0.5,0.5,0.07,0.85,2.0,0.375,0.12307692307692307,0.15,0.5,0.5430860465116281,1.4169509510457283,1.1837557670274572,0.897721351607031,0.20459517856268808,3.1729891841097744,0.33357784810155555,3.5020532286892876,31.549722108246197,0.7887430527061549,0.04022842639593899,0.6861998634639723,0.22535376463785062,0.088446371898177,0.08844637189817685,0.9999999999999984,0.5430860465116276,0.5430860465116284,2.555369238847962,1.4602109936274068,1.6306704068203624,0.9864685153773497,1.1073920651888614,1.6839860732862884,0.24867634223369492,0.5749358873396639,0.08490150586786058,2.136557279823498,0.7294498897667,0.9355814229337976,0.03390197070544624,-0.9016794522283513,0.088446371898177,0.24721942592353766,0.09396317619725936,1.7500000000000002,0.15,1.9293593903972182,0.6587096952354405,2.928998015897752,-1.7763568394002505e-15
tau_c,0.13846153846153844,0.985,0.4,0.025,0.5,0.5,0.07,0.85,2.0,0.375,0.13846153846153844,0.15,0.5,0.5430860465116281,1.4169509510457283,1.1837557670274572,0.897721351607031,0.20459517856268808,3.1554356930252454,0.3389622102127697,3.4907574260913217,31.37518392560118,0.7843795981400297,0.04022842639593908,0.6824036944616205,0.2296392333227692,0.08795707221561021,0.08795707221560993,0.9999999999999964,0.5430860465116271,0.5430860465116291,2.5553692388479563,1.4602109936274035,1.6306704068203595,0.9892599321192516,1.1211666317562774,1.67996084659925,0.2534886236421076,0.5664643911588589,0.08547358657066204,2.163336948591725,0.7294535166912756,0.9649660229475993,0.03371441950183479,-0.9312516034457644,0.08795707221561021,0.25178555342852976,0.09605987816848768,1.7500000000000002,0.15,1.929540968591721,0.6506200737963511,2.965695413196983,-8.881784197001252e-16
tau_c,0.15384615384615383,0.985,0.4,0.025,0.5,0.5,0.07,0.85,2.0,0.375,0.15384615384615383,0.15,0.5,0.5430860465116281,1.4169509510457283,1.1837557670274572,0.897721351607031,0.20459517856268808,3.1378793318445117,0.34433239692305384,3.479459776565023,31.20061720496513,0.7800154301241282,0.0402284263959389,0.6786069047639177,0.23392540270633647,0.08746769252974577,0.08746769252974558,0.9999999999999977,0.5430860465116274,0.5430860465116286,2.5553692388479647,1.460210993627408,1.6306704068203646,0.9920078615107549,1.1349091078127993,1.6757049135901525,0.25828938273773555,0.5582215580144329,0.08604301418531818,2.189730767747693,0.7294571442088779,0.9939651992703041,0.03352683763252864,-0.9604383616377755,0.08746769252974577,0.2563475296067386,0.09817053986976237,1.7500000000000007,0.15,1.9294327207997737,0.6427449909312034,3.0018634886666766,4.440892098500626e-16
tau_c,0.1692307692307692,0.985,0.4,0.025,0.5,0.5,0.07,0.85,2.0,0.375,0.1692307692307692,0.15,0.5,0.5430860465116281,1.4169509510457283,1.1837557670274572,0.897721351607031,0.20459517856268808,3.1203234660714645,0.3496876925643113,3.4681624458372666,31.026055410275426,0.7756513852568856,0.0402284263959389,0.6748102222045228,0.23821145114221606,0.08697832665326118,0.08697832665326125,1.0000000000000009,0.5430860465116283,0.5430860465116278,2.555369238847966,1.460210993627409,1.630670406820364,0.9947132460254688,1.1486196133629594,1.6712297470399835,0.26307783042761174,0.5501983111028894,0.0866098621366996,2.215740245354892,0.7294607716241165,1.0225799605259316,0.03333926105643206,-0.9892406994694997,0.08697832665326118,0.26090448682235207,0.10029489252537845,1.7500000000000002,0.15,1.929046152074304,0.6350760191952335,3.037504320378505,-8.881784197001252e-16
tau_c,0.1846153846153846,0.985,0.4,0.025,0.5,0.5,0.07,0.85,2.0,0.375,0.1846153846153846,0.15,0.5,0.5430860465116281,1.4169509510457283,1.1837557670274572,0.897721351607031,0.20459517856268808,3.1027713779633914,0.35502740577183833,3.456867546065131,30.851531177730802,0.77128827944327,0.04022842639593886,0.6710143566139358,0.24249657730771143,0.08648906607835266,0.0864890660783527,1.0000000000000002,0.5430860465116281,0.543086046511628,2.5553692388479656,1.460210993627409,1.630670406820364,0.99737699778958,1.162298266445592,1.6665462872741212,0.26785320484459924,0.5423860468112217,0.08717420092723907,2.241366996374798,0.7294643982588088,1.0508114345902557,0.033151724842996735,-1.017659709747257,0.08648906607835266,0.2654555827445746,0.10243266870459015,1.7499999999999998,0.15,1.928392273378408,0.6276051675527088,3.072620132969912,0.0
tau_c,0.19999999999999998,0.985,0.4,0.025,0.5,0.5,0.07,0.85,2.0,0.375,0.19999999999999998,0.15,0.5,0.5430860465116281,1.4169509510457283,1.1837557670274572,0.897721351607031,0.20459517856268808,3.085226267365581,0.36035086900737207,3.445577136372952,30.67707632408941,0.7669269081022352,0.04022842639593895,0.6672199999999997,0.24678000000000025,0.08600000000000006,0.0859999999999998,0.9999999999999969,0.5430860465116272,0.5430860465116288,2.555369238847962,1.4602109936274066,1.6306704068203632,0.9999999999999994,1.1759451832153034,1.6616649731570308,0.27261477073523277,0.5347766043163824,0.08773609827213925,2.266612738523669,0.7294680234517978,1.0786608643237336,0.03296426318113874,-1.0456966011425948,0.08600000000000006,0.2700000000000003,0.10458360232408019,1.7500000000000004,0.15,1.9274816299908053,0.6203248534572549,3.107213291952397,-4.440892098500626e-16
tau_c,0.21538461538461537,0.985,0.4,0.025,0.5,0.5,0.07,0.85,2.0,0.375,0.21538461538461537,0.15,0.5,0.5430860465116281,1.4169509510457283,1.1837557670274572,0.897721351607031,0.20459517856268808,3.0676912525692925,0.36565743808788964,3.4342932234044508,30.502721855200154,0.7625680463800039,0.04022842639593892,0.6634278267334435,0.2510609579266746,0.08551121533988201,0.08551121533988217,1.0000000000000018,0.5430860465116285,0.5430860465116275,2.5553692388479634,1.4602109936274075,1.6306704068203608,1.002583108256208,1.1895604780203002,1.6565957707912435,0.27736181886093164,0.5273622374971231,0.08829561922695804,2.2914792881960837,0.7294716465587814,1.1061296033677404,0.03277690938840578,-1.0733526939793339,0.08551121533988201,0.27453694581939,0.10674742865192564,1.7500000000000002,0.15,1.9263243277967907,0.6132278770498398,3.1412862981117042,0.0
tau_c,0.23076923076923075,0.985,0.4,0.025,0.5,0.5,0.07,0.85,2.0,0.375,0.23076923076923075,0.15,0.5,0.5430860465116281,1.4169509510457283,1.1837557670274572,0.897721351607031,0.20459517856268808,3.0501693711919056,0.3709464917199758,3.4230177618890814,30.328497974753557,0.7582124493688391,0.04022842639593911,0.6596384937382348,0.2553387094908525,0.08502279677091265,0.08502279677091219,0.9999999999999947,0.5430860465116265,0.5430860465116296,2.555369238847954,1.4602109936274021,1.6306704068203588,1.0051271518120628,1.2031442634767509,1.6513482001223345,0.28209366541187936,0.5201355889556196,0.08885282630809638,2.315968556456387,0.7294752669521176,1.1332191120053805,0.0325896959203817,-1.1006294160849988,0.08502279677091265,0.2790656516793262,0.10892388431294908,1.7500000000000002,0.15,1.92493005765068,0.6063073972892808,3.1748417820016455,0.0
tau_c,0.24615384615384614,0.985,0.4,0.025,0.5,0.5,0.07,0.85,2.0,0.375,0.24615384615384614,0.15,0.5,0.5430860465116281,1.4169509510457283,1.1837557670274572,0.897721351607031,0.20459517856268808,3.032663581078402,0.3762174310395855,3.4117526552222,30.1544340932466,0.7538608523311651,0.04022842639593893,0.6558526406865189,0.2596125325711162,0.08453482674236483,0.08453482674236472,0.9999999999999991,0.5430860465116276,0.5430860465116283,2.555369238847965,1.4602109936274086,1.630670406820365,1.007632934753387,1.2166966505398595,1.645931359631763,0.2868096514329205,0.5130896659663947,0.08940777960666509,2.3400825450993,0.729478884020663,1.1599309530883348,0.032402654380317204,-1.1275282987080175,0.08453482674236483,0.28358537293920044,0.11111270729533829,1.7500000000000002,0.15,1.923308117977463,0.5995569098484708,3.2078824985330434,4.440892098500626e-16
tau_c,0.2615384615384615,0.985,0.4,0.025,0.5,0.5,0.07,0.85,2.0,0.375,0.2615384615384615,0.15,0.5,0.5430860465116281,1.4169509510457283,1.1837557670274572,0.897721351607031,0.20459517856268808,3.0151767612225555,0.3814696791571071,3.4004997560577777,29.980558837140475,0.7495139709285118,0.04022842639593897,0.6520708901978656,0.26388172429657936,0.08404738550555509,0.08404738550555493,0.9999999999999982,0.5430860465116275,0.5430860465116285,2.5553692388479625,1.460210993627407,1.630670406820363,1.010101237106521,1.2302177485718002,1.6403539492812773,0.2915091422609272,0.5062178181877631,0.08996053689617993,2.3638233427804654,0.7294824971695455,1.1862667880306865,0.032215815528973735,-1.1540509725017127,0.08404738550555509,0.28809538847402866,0.11331363695844786,1.7500000000000002,0.15,1.9214674357646886,0.5929702266256729,3.240411321659262,-4.440892098500626e-16
tau_c,0.2769230769230769,0.985,0.4,0.025,0.5,0.5,0.07,0.85,2.0,0.375,0.2769230769230769,0.15,0.5,0.5430860465116281,1.4169509510457283,1.1837557670274572,0.897721351607031,0.20459517856268808,2.9977117127073836,0.38670268070756864,3.3892608669136615,29.80690005821354,0.7451725014553385,0.04022842639593901,0.6482938480426265,0.2681456008173208,0.08356055114005267,0.08356055114005245,0.9999999999999976,0.5430860465116274,0.5430860465116287,2.5553692388479594,1.4602109936274053,1.6306704068203606,1.012532815882841,1.2437076654066788,1.6346242918571627,0.29619152697308526,0.4995137169870795,0.09051115373448337,2.387193121218151,0.7294861058200058,1.2122283728710745,0.03202920929467085,-1.180199163576403,0.08356055114005267,0.29259500030350566,0.11552641404166428,1.7500000000000002,0.15,1.9194165860813963,0.5865414567349088,3.272431239159433,-4.440892098500626e-16
tau_c,0.29230769230769227,0.985,0.4,0.025,0.5,0.5,0.07,0.85,2.0,0.375,0.29230769230769227,0.15,0.5,0.5430860465116281,1.4169509510457283,1.1837557670274572,0.897721351607031,0.20459517856268808,2.9802711596630562,0.39191590140595184,3.3780377407879594,29.633484843085018,0.7408371210771254,0.04022842639593909,0.6445221033491102,0.2724034970705061,0.08307439958038365,0.08307439958038329,0.9999999999999954,0.5430860465116267,0.5430860465116292,2.5553692388479554,1.4602109936274028,1.6306704068203597,1.014928406063552,1.2571665074126483,1.62875035284789,0.300856217845675,0.4929713362450634,0.09105968356027692,2.4101941314666164,0.7294897094091807,1.2378175544039023,0.0318428647835214,-1.205974689620381,0.08307439958038365,0.29708353321779324,0.1177507806742621,1.7500000000000004,0.15,1.917163810247374,0.5802649888522168,3.303945347520599,-8.881784197001252e-16
tau_c,0.30769230769230765,0.985,0.4,0.025,0.5,0.5,0.07,0.85,2.0,0.375,0.30769230769230765,0.15,0.5,0.5430860465116281,1.4169509510457283,1.1837557670274572,0.897721351607031,0.20459517856268808,2.9628577502415245,0.3971088276075128,3.3668320817862365,29.460339522906395,0.7365084880726599,0.0402284263959389,0.6407562288143513,0.27665476654245125,0.08258900464319742,0.08258900464319749,1.0000000000000007,0.5430860465116283,0.5430860465116278,2.5553692388479643,1.4602109936274081,1.6306704068203624,1.0172887215289608,1.2705943795513235,1.6227397589764547,0.3055026498229074,0.48658493451731194,0.09160617778460534,2.432828700262034,0.7294933073899098,1.2630362663806245,0.03165681028984476,-1.2313794560907796,0.08258900464319742,0.30156033440045454,0.11998648038615188,1.75,0.15,1.9147170327647147,0.5741354748062957,3.3349568469196407,8.881784197001252e-16
tau_c,0.32307692307692304,0.985,0.4,0.025,0.5,0.5,0.07,0.85,2.0,0.375,0.32307692307692304,0.15,0.5,0.5430860465116281,1.4169509510457283,1.1837557670274572,0.897721351607031,0.20459517856268808,2.945474057606432,0.4022809658730814,3.355645545758496,29.287489683203486,0.732187242080087,0.04022842639593901,0.6369967809182048,0.2808987810269323,0.08210443805486302,0.08210443805486273,0.9999999999999964,0.5430860465116271,0.5430860465116291,2.5553692388479607,1.460210993627406,1.6306704068203635,1.0196144559359337,1.2839913854346092,1.6165998154970656,0.31013027999546455,0.4803490384423669,0.09215068587761682,2.4550992264414133,0.7294968992305149,1.2878865257817649,0.031471073306744236,-1.2564154524750206,0.08210443805486302,0.3060247730489863,0.1222332581194449,1.7500000000000002,0.15,1.9120838771129325,0.5681478143123153,3.3654690363058317,4.440892098500626e-16
tau_c,0.3384615384615384,0.985,0.4,0.025,0.5,0.5,0.07,0.85,2.0,0.375,0.3384615384615384,0.15,0.5,0.5430860465116281,1.4169509510457283,1.1837557670274572,0.897721351607031,0.20459517856268808,2.9281225809375044,0.4074318425392759,3.3444797409455647,29.114960173864457,0.7278740043466113,0.04022842639593901,0.6332443001405385,0.28513493037999993,0.08162076947946163,0.08162076947946138,0.9999999999999972,0.5430860465116273,0.5430860465116288,2.5553692388479594,1.4602109936274053,1.630670406820361,1.021906283547105,1.2973576273790821,1.6103375223559164,0.31473858708838426,0.47425842729596995,0.09269325545089158,2.477008177435199,0.7295004844146167,1.3123704291604703,0.031285680536837474,-1.2810847486236325,0.08162076947946163,0.3104762399933469,0.12449086024074602,1.7500000000000002,0.15,1.9092716804997272,0.5622971407570566,3.3954853085846257,0.0
tau_c,0.3538461538461538,0.985,0.4,0.025,0.5,0.5,0.07,0.85,2.0,0.375,0.3538461538461538,0.15,0.5,0.5430860465116281,1.4169509510457283,1.1837557670274572,0.897721351607031,0.20459517856268808,2.9108057464478274,0.41256100329363754,3.3333362286336814,28.942775119254126,0.7235693779813531,0.04022842639593906,0.6294993111812467,0.2893626222716063,0.08113806654714693,0.08113806654714643,0.9999999999999937,0.5430860465116263,0.5430860465116298,2.5553692388479576,1.460210993627404,1.6306704068203624,1.0241648600149447,1.3106932064580092,1.6039595893063223,0.31932707095802,0.46830811860016136,0.09323393233561757,2.4985580858337237,0.7295040624409076,1.3364901490579955,0.031100657903126674,-1.3053894911548687,0.08113806654714693,0.3149141473129201,0.12675903455411297,1.7500000000000004,0.15,1.906287507650838,0.5565788079517896,3.4250091459033043,4.440892098500626e-16
tau_c,0.3692307692307692,0.985,0.4,0.025,0.5,0.5,0.07,0.85,2.0,0.375,0.3692307692307692,0.15,0.5,0.5430860465116281,1.4169509510457283,1.1837557670274572,0.897721351607031,0.20459517856268808,2.893525908413217,0.4176680127546481,3.322216523816912,28.77095792844939,0.7192739482112348,0.04022842639593909,0.6257623231828604,0.2935812819343033,0.08065639488283642,0.08065639488283599,0.9999999999999948,0.5430860465116266,0.5430860465116295,2.5553692388479554,1.4602109936274028,1.6306704068203595,1.0263908231237293,1.3239982225511375,1.5974724500606212,0.3238952520977839,0.46249335470420744,0.09377276065686421,2.519751546027978,0.7295076328229441,1.360247930491716,0.030916030559996074,-1.3293318999317199,0.08065639488283642,0.3193379279522899,0.12903753031460172,1.7500000000000004,0.15,1.903138163715062,0.5509883777768954,3.4540441150388026,4.440892098500626e-16
tau_c,0.3846153846153846,0.985,0.4,0.025,0.5,0.5,0.07,0.85,2.0,0.375,0.3846153846153846,0.15,0.5,0.5430860465116281,1.4169509510457283,1.1837557670274572,0.897721351607031,0.20459517856268808,2.876285350212404,0.4227524540566309,3.3111220958665326,28.59953130558219,0.7149882826395548,0.04022842639593883,0.6220338299554974,0.2977903519092957,0.0801758181352069,0.08017581813520694,1.0000000000000004,0.5430860465116282,0.543086046511628,2.5553692388479674,1.4602109936274095,1.6306704068203646,1.0285847934921248,1.3372727743923387,1.5908822755536411,0.32844267115243947,0.45680959026165696,0.09430978290419147,2.540591210924837,0.7295111950889352,1.3836460875159948,0.0307318229043265,-1.3529142646116685,0.0801758181352069,0.3237470353362253,0.13132609824233327,1.7500000000000007,0.15,1.899830206353592,0.5455216086489367,3.4825938628880286,-4.440892098500626e-16
tau_c,0.39999999999999997,0.985,0.4,0.025,0.5,0.5,0.07,0.85,2.0,0.375,0.39999999999999997,0.15,0.5,0.5430860465116281,1.4169509510457283,1.1837557670274572,0.897721351607031,0.20459517856268808,2.859086285376826,0.4278139284395494,3.3000543692065287,28.428517260276777,0.7107129315069195,0.04022842639593915,0.6183143102039094,0.30198929179013106,0.0796963980059596,0.07969639800595911,0.9999999999999936,0.5430860465116262,0.5430860465116297,2.5553692388479536,1.4602109936274017,1.6306704068203597,1.030747375238887,1.350516959615208,1.584194986385943,0.33296888844073436,0.45125248053450145,0.09484503999881505,2.5610797887368166,0.7295147487815077,1.4066869998561382,0.03054805858671188,-1.3761389412694263,0.0796963980059596,0.3281409429842551,0.13362449053702402,1.7500000000000004,0.15,1.8963699570766772,0.5401744447469675,3.510662112060834,4.440892098500626e-16
tau_c,0.41538461538461535,0.985,0.4,0.025,0.5,0.5,0.07,0.85,2.0,0.375,0.41538461538461535,0.15,0.5,0.5430860465116281,1.4169509510457283,1.1837557670274572,0.897721351607031,0.20459517856268808,2.8419308586493717,0.43285205484366757,3.2890147239949954,28.257937118179377,0.7064484279544846,0.040228426395938884,0.6146042277564155,0.3061775779642587,0.07921819427932571,0.07921819427932578,1.0000000000000009,0.5430860465116284,0.543086046511628,2.5553692388479643,1.4602109936274081,1.6306704068203624,1.0328791566141369,1.3637308747967154,1.5774162645091943,0.3374734834861437,0.44581787046147664,0.09537857135752385,2.5812200398465857,0.7295182934575258,1.4293731096158118,0.030364760522770606,-1.3990083490930412,0.07921819427932571,0.3325191441251608,0.13593246089290045,1.75,0.15,1.8927635118852577,0.5349430059404291,3.538252656575595,0.0
tau_c,0.43076923076923074,0.985,0.4,0.025,0.5,0.5,0.07,0.85,2.0,0.375,0.43076923076923074,0.15,0.5,0.5430860465116281,1.4169509510457283,1.1837557670274572,0.897721351607031,0.20459517856268808,2.8248211470501614,0.4378664695091593,3.2780044968098707,28.087811531552557,0.702195288288814,0.04022842639593884,0.610904031795432,0.31035470335278437,0.07874126485178363,0.07874126485178382,1.0000000000000024,0.5430860465116288,0.5430860465116274,2.555369238847966,1.4602109936274092,1.6306704068203624,1.034980710598187,1.3769146154989802,1.5705515642102421,0.34195605455560746,0.4405017844328273,0.09591041495355188,2.6010147737458147,0.7295218286878238,1.451706918057703,0.030181950904534266,-1.4215249671531687,0.07874126485178363,0.3368811513118007,0.13824976451397297,1.75,0.15,1.8890167512698184,0.5298235783657887,3.5653693576574774,4.440892098500626e-16
tau_c,0.4461538461538461,0.985,0.4,0.025,0.5,0.5,0.07,0.85,2.0,0.375,0.4461538461538461,0.15,0.5,0.5430860465116281,1.4169509510457283,1.1837557670274572,0.897721351607031,0.20459517856268808,2.8077591609492973,0.4428568255805948,3.267024981339329,27.918160489943872,0.6979540122485969,0.04022842639593897,0.6072141570894397,0.3145201771486049,0.0782656657619554,0.07826566576195512,0.9999999999999963,0.5430860465116271,0.543086046511629,2.5553692388479616,1.4602109936274064,1.630670406820364,1.0370525954701608,1.3900682763092644,1.5636061224461049,0.3464162182060287,0.43530041671896563,0.09644060737456607,2.6204668460486564,0.7295253540570165,1.4736909824578255,0.029999651211908538,-1.443691331245917,0.0782656657619554,0.3412264960365226,0.14057615812957586,1.7500000000000004,0.15,1.8851353496147631,0.5248126056037773,3.592016139638996,-8.881784197001252e-16
tau_c,0.4615384615384615,0.985,0.4,0.025,0.5,0.5,0.07,0.85,2.0,0.375,0.4615384615384615,0.15,0.5,0.5430860465116281,1.4169509510457283,1.1837557670274572,0.897721351607031,0.20459517856268808,2.7907468451448234,0.44782279271638836,3.256077429075443,27.749003330903808,0.6937250832725953,0.04022842639593897,0.603535024226114,0.31867352455323034,0.07779145122065578,0.0777914512206553,0.999999999999994,0.5430860465116264,0.5430860465116296,2.5553692388479607,1.4602109936274057,1.6306704068203648,1.039095355348113,1.4031919508782587,1.556584968577187,0.350853608838444,0.4302101225047068,0.09696918387794436,2.6395791555793466,0.7295288691632712,1.4953279130331438,0.02981788222419082,-1.465510030808953,0.07779145122065578,0.3455547283475453,0.14291140001014954,1.7500000000000004,0.15,1.881124784051984,0.519906680412939,3.61819698596273,4.440892098500626e-16
tau_c,0.4769230769230769,0.985,0.4,0.025,0.5,0.5,0.07,0.85,2.0,0.375,0.4769230769230769,0.15,0.5,0.5430860465116281,1.4169509510457283,1.1837557670274572,0.897721351607031,0.20459517856268808,2.773786079945145,0.45276405670320286,3.2451630500107114,27.580358750748033,0.6895089687687009,0.04022842639593895,0.5998670398464162,0.3228142865125179,0.07731867364106573,0.07731867364106543,0.9999999999999962,0.5430860465116271,0.5430860465116291,2.5553692388479625,1.4602109936274068,1.6306704068203641,1.0411095207024452,1.416285731956726,1.5494929335422554,0.35526787825970896,0.4252274094848874,0.09749617844349381,2.6583546415337325,0.729532373618075,1.5166203699424676,0.029636664031635625,-1.486983705910832,0.07731867364106573,0.3498654164665941,0.14525524998320513,1.7500000000000004,0.15,1.8769903428039036,0.5151025369790039,3.6439159352857384,4.440892098500626e-16
tau_c,0.4923076923076923,0.985,0.4,0.025,0.5,0.5,0.07,0.85,2.0,0.375,0.4923076923076923,0.15,0.5,0.5430860465116281,1.4169509510457283,1.1837557670274572,0.897721351607031,0.20459517856268808,2.7568786822549596,0.4576803190753333,3.23428301333687,27.412244815355315,0.685306120383883,0.04022842639593911,0.596210596879439,0.32694201945155854,0.07684738366900253,0.07684738366900222,0.9999999999999962,0.543086046511627,0.5430860465116292,2.5553692388479576,1.460210993627404,1.6306704068203604,1.043095608844239,1.429349711430584,1.5423346585150925,0.3596586952515828,0.42034892998081563,0.09802162382375047,2.676796280714404,0.7295358670460145,1.5375710603604378,0.02945601604705738,-1.5081150443133804,0.07684738366900253,0.35415814640808324,0.14760746944942316,1.7500000000000004,0.15,1.8727371330528317,0.5103970436429085,3.6691770776851595,4.440892098500626e-16
tau_c,0.5076923076923077,0.985,0.4,0.025,0.5,0.5,0.07,0.85,2.0,0.375,0.5076923076923077,0.15,0.5,0.5430860465116281,1.4169509510457283,1.1837557670274572,0.897721351607031,0.20459517856268808,2.7400264066637265,0.4625712967390898,3.2234384481453477,27.24467897099083,0.6811169742747707,0.04022842639593899,0.5925660747777954,0.3310562950089459,0.07637763021325873,0.07637763021325845,0.9999999999999967,0.5430860465116272,0.5430860465116291,2.555369238847961,1.4602109936274061,1.6306704068203628,1.045054124390009,1.4423839803544873,1.5351146030793685,0.3640257451470956,0.4155714735402929,0.09854555159199423,2.6949070848390115,0.7295393490845588,1.5581827356243119,0.02927595701745989,-1.528906778606852,0.07637763021325873,0.3584325216001262,0.14996782139884157,1.7500000000000002,0.15,1.8683700883704337,0.5057871960733116,3.6939845509644376,1.3322676295501878e-15
tau_c,0.523076923076923,0.985,0.4,0.025,0.5,0.5,0.07,0.85,2.0,0.375,0.523076923076923,0.15,0.5,0.5430860465116281,1.4169509510457283,1.1837557670274572,0.897721351607031,0.20459517856268808,2.723230946535592,0.4674367216022228,3.2126304441286067,27.077678055142556,0.6769419513785638,0.04022842639593911,0.5889338397533415,0.3351566997706725,0.07590946047598614,0.07590946047598579,0.9999999999999956,0.5430860465116268,0.5430860465116294,2.5553692388479563,1.4602109936274033,1.63067040682036,1.0469855597042326,1.455388628983975,1.5278370529552572,0.3683687294141165,0.4108919599869555,0.09906799218810634,2.7126900979211825,0.7295428193838174,1.5784581884531355,0.029096505035681963,-1.5493616834174535,0.07590946047598614,0.36268816250765534,0.1523360704270981,1.7500000000000004,0.15,1.8638939757382502,0.5012701108521923,3.718342537059525,4.440892098500626e-16
tau_c,0.5384615384615384,0.985,0.4,0.025,0.5,0.5,0.07,0.85,2.0,0.375,0.5384615384615384,0.15,0.5,0.5430860465116281,1.4169509510457283,1.1837557670274572,0.897721351607031,0.20459517856268808,2.706493935100185,0.4722763402083806,3.201860052282125,26.911258307368534,0.6727814576842133,0.04022842639593893,0.5853142450130588,0.33924283500384256,0.07544291998309866,0.07544291998309856,0.9999999999999986,0.5430860465116276,0.5430860465116285,2.555369238847965,1.4602109936274086,1.6306704068203643,1.0488903953210351,1.468363746806241,1.5205061273087745,0.37268736524599977,0.40630743288747856,0.09958897496238087,2.730148393723685,0.729546277606337,1.5984002502390378,0.02891767755205181,-1.5694825726869859,0.07544291998309866,0.3669247062578776,0.1547119827516721,1.7500000000000002,0.15,1.8593134021879008,0.49684301944469406,3.742255258544233,-4.440892098500626e-16
tau_c,0.5538461538461538,0.985,0.4,0.025,0.5,0.5,0.07,0.85,2.0,0.375,0.5538461538461538,0.15,0.5,0.5430860465116281,1.4169509510457283,1.1837557670274572,0.897721351607031,0.20459517856268808,2.6898169465429866,0.4770899133766607,3.191128285606001,26.74543538013733,0.6686358845034334,0.04022842639593893,0.5817076309948802,0.3433143163904504,0.0749780526146694,0.0749780526146693,0.9999999999999983,0.5430860465116276,0.5430860465116284,2.5553692388479647,1.4602109936274081,1.6306704068203648,1.0507691003461448,1.4813094225695846,1.5131257856720497,0.3769813851592556,0.4018150534075903,0.10010852821740507,2.7472850732829888,0.7295497234268505,1.618011788409975,0.028739491386037562,-1.5892722970239372,0.0749780526146694,0.37114180626834153,0.1570953262281068,1.7500000000000004,0.15,1.8546328210870033,0.4925032625265569,3.765726975233991,-8.881784197001252e-16
tau_c,0.5692307692307692,0.985,0.4,0.025,0.5,0.5,0.07,0.85,2.0,0.375,0.5692307692307692,0.15,0.5,0.5430860465116281,1.4169509510457283,1.1837557670274572,0.897721351607031,0.20459517856268808,2.673201497094923,0.48187721584623516,3.180436119806164,26.580224349663215,0.6645056087415806,0.040228426395938884,0.5781143256033104,0.34737077376138975,0.07451490063529984,0.07451490063529963,0.9999999999999973,0.5430860465116274,0.5430860465116287,2.5553692388479656,1.4602109936274086,1.6306704068203652,1.0526221328403644,1.4942257443116072,1.505699834500841,0.3812505365981311,0.397412094530236,0.1006266792481042,2.7641032625048547,0.729553156532076,1.6372957038636269,0.02856196273788869,-1.608733741125738,0.07451490063529984,0.37533913187780404,0.15948587036615433,1.7500000000000004,0.15,1.8498565380951073,0.48824828464468906,3.7887619808870316,4.440892098500626e-16
tau_c,0.5846153846153845,0.985,0.4,0.025,0.5,0.5,0.07,0.85,2.0,0.375,0.5846153846153845,0.15,0.5,0.5430860465116281,1.4169509510457283,1.1837557670274572,0.897721351607031,0.20459517856268808,2.656649046119922,0.4866380359261061,3.1697844939941975,26.41563972671932,0.660390993167983,0.04022842639593899,0.5745346444446352,0.35141185083092813,0.07405350472443675,0.0740535047244365,0.9999999999999969,0.5430860465116273,0.543086046511629,2.5553692388479625,1.460210993627407,1.6306704068203637,1.054449940185508,1.5071127993861826,1.4982319333931862,0.3854945815460539,0.3930959356111925,0.10114345438005225,2.7806061098299693,0.7295565766204761,1.6562549284716426,0.028385107200256193,-1.6278698212713862,0.07405350472443675,0.379516367980147,0.16188338634582738,1.7500000000000002,0.15,1.8449887168116783,0.4840756291882135,3.8113646000020545,-4.440892098500626e-16
tau_c,0.6,0.985,0.4,0.025,0.5,0.5,0.07,0.85,2.0,0.375,0.6,0.15,0.5,0.5430860465116281,1.4169509510457283,1.1837557670274572,0.897721351607031,0.20459517856268808,2.64016099719996,0.4913721751499841,3.1591743113855886,26.25169546742682,0.6562923866856707,0.04022842639593893,0.570968891061571,0.3554372049318116,0.0735939040066173,0.07359390400661704,0.9999999999999964,0.5430860465116272,0.543086046511629,2.555369238847963,1.4602109936274072,1.6306704068203643,1.0562529594338708,1.5199706744892858,1.490725600991518,0.38971329614384914,0.3888640572494267,0.10165887900613493,2.796796783969098,0.7295599834020426,1.6748924226537687,0.02820893976978595,-1.646683482883983,0.0735939040066173,0.38367321466152193,0.1642876470333142,1.7500000000000002,0.15,1.8400333841367231,0.4799829336491487,3.833539184711358,-4.440892098500626e-16
